year,ag_withdrawal_acft
1941,0
1942,2923.660843
1943,2923.608328
1944,2923.606959
1945,2923.602013
1946,2923.605683
1947,2923.599545
1948,7963.626349
1949,7963.571243
1950,7963.554312
1951,7963.548417
1952,7963.521058
1953,7963.532728
1954,7963.508056
1955,7963.45976
1956,5953.084284
1957,5953.234514
1958,5953.278661
1959,5953.317748
