time,WEL(PUMP)_IN,RIV(RIVER)_IN,RCHA(RECHARGE)_IN,WEL(PUMP)_OUT,RIV(RIVER)_OUT,RCHA(RECHARGE)_OUT,TOTAL_IN,TOTAL_OUT,PERCENT_DIFFERENCE
1.000000000000000,.000000000000000,.000000000000000,498750.0000000000,75000.00000000000,423750.0066448152,.000000000000000,498750.0000000000,498750.0066448152,-.1332293766869871E-05
