time,RIV(RIVER)_IN,RCHA(RECHARGE)_IN,RIV(RIVER)_OUT,RCHA(RECHARGE)_OUT,TOTAL_IN,TOTAL_OUT,PERCENT_DIFFERENCE
1.000000000000000,.000000000000000,498750.0000000000,498750.0090112090,.000000000000000,498750.0000000000,498750.0090112090,-.1806758682641099E-05
